<?xml version="1.0" encoding="UTF-8"?>
<tests purpose="Check ambiguity handling">
   <Ztest>
      <grammar>P:"abcdef". </grammar>
      <input>abcdef</input>
      <input>abcde</input>
      <input>abcdefg</input>
   </Ztest>
   <test>
      <grammar>P: "a"+ ; b. b: "a","a"*. </grammar>
      <input showStates="">a</input>
      <input showStates="">aa</input>
      <input>ab</input>
   </test>
   <test>
      <grammar>P: "a"+ ; b ; c. 
         b: "a","a"*. 
         c: ["a"-"d"]+. </grammar>
      <input showStates="">a</input>
      <input showStates="">aa</input>
      <input>ab</input>
      <input>abe</input>

   </test>

</tests>
